"","category","WGBS","RRBS","MBDBS","Term","GOterm_desc"
"1","GO:0005524",0,5.56029859105478e-08,6.63767379519889e-40,"ATP binding","GO:0005524 ATP binding"
"2","GO:0046872",0,6.41025372961547e-10,3.60489327783784e-58,"metal ion binding","GO:0046872 metal ion binding"
"3","GO:0005509",9.54519844674967e-18,1.58107707301392e-41,7.50108752757316e-19,"calcium ion binding","GO:0005509 calcium ion binding"
"4","GO:0042802",3.59217363698253e-17,4.67897636538135e-06,1.44483479058339e-23,"identical protein binding","GO:0042802 identical protein binding"
"5","GO:0008270",3.00630842252387e-14,2.04453239646773e-11,3.96482167824283e-19,"zinc ion binding","GO:0008270 zinc ion binding"
"6","GO:0003723",3.19257560343939e-12,0.0381082803024957,1.5145431751103e-26,"RNA binding","GO:0003723 RNA binding"
"7","GO:0003677",3.34457561750109e-12,0.0202430808950658,1.10656045636602e-26,"DNA binding","GO:0003677 DNA binding"
"8","GO:0004930",1.61790411306664e-11,5.73264643145638e-25,1.04859182732613e-25,"G protein-coupled receptor activity","GO:0004930 G protein-coupled receptor activity"
"9","GO:0042803",2.35319612873472e-11,3.76388791507132e-08,6.56755482307068e-23,"protein homodimerization activity","GO:0042803 protein homodimerization activity"
"10","GO:0016887",9.99166955881101e-09,0.0259177987565248,9.61871937210345e-13,"ATPase activity","GO:0016887 ATPase activity"
"11","GO:0003700",1.08637555329825e-08,5.54884608330009e-09,6.03484993487292e-17,"DNA-binding transcription factor activity","GO:0003700 DNA-binding transcription factor activity"
"12","GO:0046982",8.22352940992058e-08,0.0113393738678848,6.38872579679364e-13,"protein heterodimerization activity","GO:0046982 protein heterodimerization activity"
"13","GO:0043565",1.64781792811665e-07,7.11956057206656e-12,7.37827109180432e-15,"sequence-specific DNA binding","GO:0043565 sequence-specific DNA binding"
"14","GO:0004222",2.27933250662803e-07,1.52431138266783e-11,1.0287947719628e-13,"metalloendopeptidase activity","GO:0004222 metalloendopeptidase activity"
"15","GO:0005516",8.53482193787176e-07,0.0282706202330869,2.94109637664411e-10,"calmodulin binding","GO:0005516 calmodulin binding"
"16","GO:0005525",1.09404363149433e-06,0.0024322049082506,9.34497094390929e-09,"GTP binding","GO:0005525 GTP binding"
"17","GO:0044877",1.23426487015864e-06,NA,2.51493788971555e-16,"protein-containing complex binding","GO:0044877 protein-containing complex binding"
"18","GO:0000978",1.34760977762287e-06,4.47116927440676e-08,2.10578344344658e-12,"RNA polymerase II cis-regulatory region sequence-specific DNA binding","GO:0000978 RNA polymerase II cis-regulatory region sequence-specific DNA binding"
"19","GO:0003924",1.50515991374449e-06,NA,6.74149172594676e-08,"GTPase activity","GO:0003924 GTPase activity"
"20","GO:0003779",1.6059314304631e-06,0.0119659469333415,2.42089193579162e-11,"actin binding","GO:0003779 actin binding"
"21","GO:0019900",1.63991627135827e-06,6.2754708526307e-10,1.33999017390651e-09,"kinase binding","GO:0019900 kinase binding"
"22","GO:0005506",2.03804263004184e-06,2.69249045283805e-06,6.0210542275593e-09,"iron ion binding","GO:0005506 iron ion binding"
"23","GO:0008017",2.57633736775762e-06,0.011574513009857,1.78448310100694e-08,"microtubule binding","GO:0008017 microtubule binding"
"24","GO:0019899",3.72553174868598e-05,NA,4.04239565176544e-09,"enzyme binding","GO:0019899 enzyme binding"
"25","GO:0003682",3.8031724757199e-05,NA,9.49159879335065e-10,"chromatin binding","GO:0003682 chromatin binding"
"26","GO:0019901",4.32359117463163e-05,NA,1.25940509858108e-06,"protein kinase binding","GO:0019901 protein kinase binding"
"27","GO:0030246",5.00930865617267e-05,2.59333117644393e-10,1.35140227111689e-05,"carbohydrate binding","GO:0030246 carbohydrate binding"
"28","GO:0000981",5.94658402975502e-05,3.15025446759381e-07,5.24945584830013e-12,"DNA-binding transcription factor activity, RNA polymerase II-specific","GO:0000981 DNA-binding transcription factor activity, RNA polymerase II-specific"
"29","GO:0001228",6.08586977388836e-05,8.72144393477824e-07,3.18585901815234e-10,"DNA-binding transcription activator activity, RNA polymerase II-specific","GO:0001228 DNA-binding transcription activator activity, RNA polymerase II-specific"
"30","GO:0008134",7.11230622831882e-05,NA,1.0270231714284e-09,"transcription factor binding","GO:0008134 transcription factor binding"
"31","GO:0051015",9.96647987736061e-05,NA,1.47797819149099e-05,"actin filament binding","GO:0051015 actin filament binding"
"32","GO:0000977",0.000110483371775043,0.000127678894788551,3.0163784756127e-08,"RNA polymerase II transcription regulatory region sequence-specific DNA binding","GO:0000977 RNA polymerase II transcription regulatory region sequence-specific DNA binding"
"33","GO:0005096",0.00012406201163764,NA,2.56507201022547e-08,"GTPase activator activity","GO:0005096 GTPase activator activity"
"34","GO:0061630",0.000147889947652162,0.00181543129816122,1.26096205040567e-05,"ubiquitin protein ligase activity","GO:0061630 ubiquitin protein ligase activity"
"35","GO:0005178",0.000155818388410747,1.96552697018991e-10,2.26507891138464e-06,"integrin binding","GO:0005178 integrin binding"
"36","GO:0008022",0.000157306983847003,0.0185934739071229,1.82488246859432e-06,"protein C-terminus binding","GO:0008022 protein C-terminus binding"
"37","GO:0017137",0.000158400586339242,NA,3.59872869167267e-09,"Rab GTPase binding","GO:0017137 Rab GTPase binding"
"38","GO:0003777",0.000161663895121204,0.00195744980577717,1.00323243806519e-06,"microtubule motor activity","GO:0003777 microtubule motor activity"
"39","GO:0004842",0.000219502746261852,5.06404612068609e-09,7.04538356569263e-06,"ubiquitin-protein transferase activity","GO:0004842 ubiquitin-protein transferase activity"
"40","GO:0000287",0.000268820258971075,NA,5.62336621177542e-06,"magnesium ion binding","GO:0000287 magnesium ion binding"
"41","GO:0003724",0.000287055944203907,NA,6.92411659991582e-05,"RNA helicase activity","GO:0003724 RNA helicase activity"
"42","GO:0022857",0.000294174683582362,NA,1.92196795660928e-05,"transmembrane transporter activity","GO:0022857 transmembrane transporter activity"
"43","GO:0020037",0.000663342009516763,2.14071919638284e-07,2.53707996960679e-06,"heme binding","GO:0020037 heme binding"
"44","GO:0019904",0.00069482819503074,NA,3.11723294336577e-05,"protein domain specific binding","GO:0019904 protein domain specific binding"
"45","GO:0050660",0.000738904934349908,NA,0.000466071635511376,"flavin adenine dinucleotide binding","GO:0050660 flavin adenine dinucleotide binding"
"46","GO:0003690",0.000766099437167893,NA,0.00137868180176108,"double-stranded DNA binding","GO:0003690 double-stranded DNA binding"
"47","GO:0003729",0.000868055089820033,NA,4.25767396953194e-05,"mRNA binding","GO:0003729 mRNA binding"
"48","GO:0005085",0.00087679633508953,NA,2.21874139252252e-07,"guanyl-nucleotide exchange factor activity","GO:0005085 guanyl-nucleotide exchange factor activity"
"49","GO:0045296",0.00103266794162974,0.0252087416052306,4.07555806883325e-05,"cadherin binding","GO:0045296 cadherin binding"
"50","GO:0016491",0.00103951496303502,NA,9.55992684088083e-05,"oxidoreductase activity","GO:0016491 oxidoreductase activity"
"51","GO:0003714",0.00114765360179231,NA,4.73629381882977e-06,"transcription corepressor activity","GO:0003714 transcription corepressor activity"
"52","GO:0008289",0.00116951905879315,0.0283875623928397,0.0038157098049262,"lipid binding","GO:0008289 lipid binding"
"53","GO:0005102",0.00130905312287258,0.00362338111190671,3.46798797248108e-05,"signaling receptor binding","GO:0005102 signaling receptor binding"
"54","GO:0001540",0.00132636900244114,0.00439181041953278,0.00114675636927475,"amyloid-beta binding","GO:0001540 amyloid-beta binding"
"55","GO:0003735",0.00168357967879293,NA,7.84345684297547e-06,"structural constituent of ribosome","GO:0003735 structural constituent of ribosome"
"56","GO:0004674",0.00169417203759991,0.00350120104660069,3.68921970239301e-07,"protein serine/threonine kinase activity","GO:0004674 protein serine/threonine kinase activity"
"57","GO:0045505",0.00174567051540614,0.0005098799525977,7.11077886837478e-07,"dynein intermediate chain binding","GO:0045505 dynein intermediate chain binding"
"58","GO:0005201",0.00194016424306603,5.21062980829996e-14,0.000375859447392503,"extracellular matrix structural constituent","GO:0005201 extracellular matrix structural constituent"
"59","GO:0008201",0.00206264026053594,3.59495836525403e-13,NA,"heparin binding","GO:0008201 heparin binding"
"60","GO:0051959",0.0023437314972854,0.00034253116210423,1.52845133407176e-06,"dynein light intermediate chain binding","GO:0051959 dynein light intermediate chain binding"
"61","GO:0003713",0.00237018468813337,NA,2.15484520295633e-06,"transcription coactivator activity","GO:0003713 transcription coactivator activity"
"62","GO:0015293",0.00285099443697328,0.00287434111280008,2.18144284843432e-06,"symporter activity","GO:0015293 symporter activity"
"63","GO:0004888",0.00312408953573088,7.13656457409387e-08,0.000625563789410322,"transmembrane signaling receptor activity","GO:0004888 transmembrane signaling receptor activity"
"64","GO:0030145",0.003138332849421,NA,0.000300630336131192,"manganese ion binding","GO:0030145 manganese ion binding"
"65","GO:0030674",0.00314913331279568,NA,3.95181656821133e-05,"protein-macromolecule adaptor activity","GO:0030674 protein-macromolecule adaptor activity"
"66","GO:0000166",0.00331548098942995,NA,0.000299879425440011,"nucleotide binding","GO:0000166 nucleotide binding"
"67","GO:0031625",0.00341401900687138,NA,0.000374588343767356,"ubiquitin protein ligase binding","GO:0031625 ubiquitin protein ligase binding"
"68","GO:0042626",0.00347376056846658,0.000802406717839001,2.41307287708796e-05,"ATPase-coupled transmembrane transporter activity","GO:0042626 ATPase-coupled transmembrane transporter activity"
"69","GO:0005200",0.00363045505107934,0.0306666648820724,0.00193818626703441,"structural constituent of cytoskeleton","GO:0005200 structural constituent of cytoskeleton"
"70","GO:0008237",0.00367277088776305,0.00864947497530005,6.46031135167116e-05,"metallopeptidase activity","GO:0008237 metallopeptidase activity"
"71","GO:0001965",0.00399887248456887,0.00148906129382211,7.10954799732494e-05,"G-protein alpha-subunit binding","GO:0001965 G-protein alpha-subunit binding"
"72","GO:0008569",0.0042069915671233,2.89776440393445e-05,6.09099945383284e-06,"ATP-dependent microtubule motor activity, minus-end-directed","GO:0008569 ATP-dependent microtubule motor activity, minus-end-directed"
"73","GO:0030371",0.00423536689294409,2.48501108676224e-06,NA,"translation repressor activity","GO:0030371 translation repressor activity"
"74","GO:0038023",0.00479813049819846,6.55875777491254e-10,4.99636807751721e-05,"signaling receptor activity","GO:0038023 signaling receptor activity"
"75","GO:0004993",0.00489919486442899,NA,3.11567443280996e-06,"G protein-coupled serotonin receptor activity","GO:0004993 G protein-coupled serotonin receptor activity"
"76","GO:0004725",0.00512045246389031,0.0401463543983424,0.00132699635194029,"protein tyrosine phosphatase activity","GO:0004725 protein tyrosine phosphatase activity"
"77","GO:0008188",0.00522261614305254,1.32376125667071e-06,3.22078695349575e-08,"neuropeptide receptor activity","GO:0008188 neuropeptide receptor activity"
"78","GO:0005262",0.00529497659111479,3.4479411916478e-08,8.49249832649555e-05,"calcium channel activity","GO:0005262 calcium channel activity"
"79","GO:0005507",0.00530365515326504,0.0267165490960284,8.57371999285509e-05,"copper ion binding","GO:0005507 copper ion binding"
"80","GO:0005044",0.0063763058771325,1.38491305208703e-05,NA,"scavenger receptor activity","GO:0005044 scavenger receptor activity"
"81","GO:0035091",0.00659078581185045,NA,1.72176397318455e-05,"phosphatidylinositol binding","GO:0035091 phosphatidylinositol binding"
"82","GO:0016787",0.00697647567011503,NA,0.000110238180553104,"hydrolase activity","GO:0016787 hydrolase activity"
"83","GO:0046983",0.00711907111461773,NA,1.09514041535319e-05,"protein dimerization activity","GO:0046983 protein dimerization activity"
"84","GO:0004714",0.00714506258313221,3.23202173947784e-08,0.0169444176785542,"transmembrane receptor protein tyrosine kinase activity","GO:0004714 transmembrane receptor protein tyrosine kinase activity"
"85","GO:0005198",0.0072896040688891,NA,0.0002232333725306,"structural molecule activity","GO:0005198 structural molecule activity"
"86","GO:0042277",0.00773899049731225,2.93700348548007e-09,1.67706112714891e-05,"peptide binding","GO:0042277 peptide binding"
"87","GO:0005249",0.0081342217843876,8.95208019096362e-08,2.59045815996188e-05,"voltage-gated potassium channel activity","GO:0005249 voltage-gated potassium channel activity"
"88","GO:0030170",0.0107315584375263,NA,4.60056392542092e-05,"pyridoxal phosphate binding","GO:0030170 pyridoxal phosphate binding"
"89","GO:0051117",0.0108003280385358,NA,0.0109880299809182,"ATPase binding","GO:0051117 ATPase binding"
"90","GO:0008094",0.0108331831490312,NA,0.00255901177170624,"DNA-dependent ATPase activity","GO:0008094 DNA-dependent ATPase activity"
"91","GO:0030165",0.0113049421034027,NA,0.000591651709577092,"PDZ domain binding","GO:0030165 PDZ domain binding"
"92","GO:0042910",0.0120514983595794,2.23233170169318e-06,0.00163502105506764,"xenobiotic transmembrane transporter activity","GO:0042910 xenobiotic transmembrane transporter activity"
"93","GO:0004843",0.0122665705210559,NA,8.96784960947991e-05,"thiol-dependent ubiquitin-specific protease activity","GO:0004843 thiol-dependent ubiquitin-specific protease activity"
"94","GO:0043621",0.0127444330024484,NA,0.00448026192218322,"protein self-association","GO:0043621 protein self-association"
"95","GO:0030594",0.0132133821514422,NA,3.58559890205236e-05,"neurotransmitter receptor activity","GO:0030594 neurotransmitter receptor activity"
"96","GO:0001786",0.0132155981284256,8.38299259837837e-06,0.00471281748623123,"phosphatidylserine binding","GO:0001786 phosphatidylserine binding"
"97","GO:0071949",0.0138491786761195,NA,0.0162401740216485,"FAD binding","GO:0071949 FAD binding"
"98","GO:0003725",0.014496170454522,0.029412370472038,0.00107801590310015,"double-stranded RNA binding","GO:0003725 double-stranded RNA binding"
"99","GO:0035198",0.0146937376635608,1.58122622724795e-05,NA,"miRNA binding","GO:0035198 miRNA binding"
"100","GO:0004672",0.0151640118069577,NA,9.40846337198257e-05,"protein kinase activity","GO:0004672 protein kinase activity"
"101","GO:0017124",0.016172984553325,NA,0.000167793341431336,"SH3 domain binding","GO:0017124 SH3 domain binding"
"102","GO:0001609",0.0175413186549973,0.0329242771511306,0.000729578577793688,"G protein-coupled adenosine receptor activity","GO:0001609 G protein-coupled adenosine receptor activity"
"103","GO:0043130",0.0179833106452654,NA,0.00149793450985345,"ubiquitin binding","GO:0043130 ubiquitin binding"
"104","GO:0001227",0.0183442325016973,NA,0.000136054635769836,"DNA-binding transcription repressor activity, RNA polymerase II-specific","GO:0001227 DNA-binding transcription repressor activity, RNA polymerase II-specific"
"105","GO:0015562",0.0191163966783597,7.33688105781252e-07,0.00106764252610603,"efflux transmembrane transporter activity","GO:0015562 efflux transmembrane transporter activity"
"106","GO:0001594",0.0212342620083698,0.0170750730506865,0.00104359105340599,"trace-amine receptor activity","GO:0001594 trace-amine receptor activity"
"107","GO:0003697",0.0223899619708988,NA,4.65806240212204e-05,"single-stranded DNA binding","GO:0003697 single-stranded DNA binding"
"108","GO:0004935",0.0227458441984676,0.0201910618397606,0.000774997772905545,"adrenergic receptor activity","GO:0004935 adrenergic receptor activity"
"109","GO:0019903",0.0227707034712617,NA,NA,"protein phosphatase binding","GO:0019903 protein phosphatase binding"
"110","GO:0008092",0.0230932513867774,NA,0.000218719269701407,"cytoskeletal protein binding","GO:0008092 cytoskeletal protein binding"
"111","GO:0008375",0.0236539938930055,NA,0.00171887113199113,"acetylglucosaminyltransferase activity","GO:0008375 acetylglucosaminyltransferase activity"
"112","GO:0005112",0.0245532357443264,0.0464521403045432,0.0140322098507721,"Notch binding","GO:0005112 Notch binding"
"113","GO:0019905",0.0246554862182887,NA,0.000274977501892319,"syntaxin binding","GO:0019905 syntaxin binding"
"114","GO:0005261",0.025560352062799,0.00225553801335979,0.00189261888049844,"cation channel activity","GO:0005261 cation channel activity"
"115","GO:0017147",0.0264584074741794,3.31779176942959e-09,0.0067244248237749,"Wnt-protein binding","GO:0017147 Wnt-protein binding"
"116","GO:0005544",0.0267296896729695,0.0375030057068169,0.000341149631427623,"calcium-dependent phospholipid binding","GO:0005544 calcium-dependent phospholipid binding"
"117","GO:0035064",0.0279651898468099,NA,0.000327905759245383,"methylated histone binding","GO:0035064 methylated histone binding"
"118","GO:0003743",0.0292522476174321,NA,NA,"translation initiation factor activity","GO:0003743 translation initiation factor activity"
"119","GO:0005546",0.0293099800809568,NA,0.0185264771856293,"phosphatidylinositol-4,5-bisphosphate binding","GO:0005546 phosphatidylinositol-4,5-bisphosphate binding"
"120","GO:0003676",0.0294345069446092,0.0270858980115313,0.00338759724205266,"nucleic acid binding","GO:0003676 nucleic acid binding"
"121","GO:0009055",0.0294854860357761,NA,0.00307536737738808,"electron transfer activity","GO:0009055 electron transfer activity"
"122","GO:0016404",0.0308661430455095,7.38956845126547e-06,9.17664791832691e-05,"15-hydroxyprostaglandin dehydrogenase (NAD+) activity","GO:0016404 15-hydroxyprostaglandin dehydrogenase (NAD+) activity"
"123","GO:0016301",0.0320339533586155,0.0209187347847333,0.00316890370734973,"kinase activity","GO:0016301 kinase activity"
"124","GO:0044325",0.0324553171661466,0.00818405303007246,0.0001857002672281,"ion channel binding","GO:0044325 ion channel binding"
"125","GO:0042562",0.0325358211767126,NA,0.00034272547943988,"hormone binding","GO:0042562 hormone binding"
"126","GO:0004983",0.0327917541823839,1.16209146900146e-08,6.02414166014075e-05,"neuropeptide Y receptor activity","GO:0004983 neuropeptide Y receptor activity"
"127","GO:0005109",0.0331670534260377,3.82490233092174e-12,NA,"frizzled binding","GO:0005109 frizzled binding"
"128","GO:0002020",0.0347843200983255,0.00540170881048201,0.000195276299279842,"protease binding","GO:0002020 protease binding"
"129","GO:0042393",0.0347891447307605,NA,0.00024994777555199,"histone binding","GO:0042393 histone binding"
"130","GO:0046332",0.0349873941223258,NA,0.000711368688414283,"SMAD binding","GO:0046332 SMAD binding"
"131","GO:0003684",0.0352593157108955,NA,0.000645432710165038,"damaged DNA binding","GO:0003684 damaged DNA binding"
"132","GO:0008144",0.0353835917625296,0.00571492505612557,0.000806447172934137,"drug binding","GO:0008144 drug binding"
"133","GO:0000149",0.0357689666316834,NA,0.00067810282090887,"SNARE binding","GO:0000149 SNARE binding"
"134","GO:0002039",0.0361776326669553,NA,0.000749939613584027,"p53 binding","GO:0002039 p53 binding"
"135","GO:0003950",0.0367949778062924,0.00681600874104444,NA,"NAD+ ADP-ribosyltransferase activity","GO:0003950 NAD+ ADP-ribosyltransferase activity"
"136","GO:0019003",0.0371146490608794,NA,NA,"GDP binding","GO:0019003 GDP binding"
"137","GO:0008168",0.0371844043546422,NA,0.000858790940242426,"methyltransferase activity","GO:0008168 methyltransferase activity"
"138","GO:1904315",0.0373612865130651,6.55490537638115e-05,0.000739560644962021,"transmitter-gated ion channel activity involved in regulation of postsynaptic membrane potential","GO:1904315 transmitter-gated ion channel activity involved in regulation of postsynaptic membrane potential"
"139","GO:0032266",0.0374654226870667,0.0181682121149013,0.0290362317037535,"phosphatidylinositol-3-phosphate binding","GO:0032266 phosphatidylinositol-3-phosphate binding"
"140","GO:0047485",0.0376858778261818,NA,0.0406465689269889,"protein N-terminus binding","GO:0047485 protein N-terminus binding"
"141","GO:0003712",0.0377428844120664,NA,0.0129603031437271,"transcription coregulator activity","GO:0003712 transcription coregulator activity"
"142","GO:0005245",0.0380866687298345,0.00125049678383204,0.00448934079865434,"voltage-gated calcium channel activity","GO:0005245 voltage-gated calcium channel activity"
"143","GO:0051087",0.0383116116581196,0.00323823745041626,0.000164861543616476,"chaperone binding","GO:0051087 chaperone binding"
"144","GO:0015662",0.0389584572165119,5.58580891707087e-07,0.000165549293521324,"ion transmembrane transporter activity, phosphorylative mechanism","GO:0015662 ion transmembrane transporter activity, phosphorylative mechanism"
"145","GO:0004867",0.0402165225517912,0.0043003567518207,0.00753261593592283,"serine-type endopeptidase inhibitor activity","GO:0004867 serine-type endopeptidase inhibitor activity"
"146","GO:0009881",0.0405161736100687,0.00316913626609665,0.000524929508442635,"photoreceptor activity","GO:0009881 photoreceptor activity"
"147","GO:0003727",0.042198972489491,NA,0.00823849059638859,"single-stranded RNA binding","GO:0003727 single-stranded RNA binding"
"148","GO:0051082",0.0422006485760561,NA,0.00110759281121897,"unfolded protein binding","GO:0051082 unfolded protein binding"
"149","GO:0017046",0.0427232827164599,0.0127414441690427,0.000851386732810209,"peptide hormone binding","GO:0017046 peptide hormone binding"
"150","GO:0030507",0.0429364690758046,NA,0.00822071796801008,"spectrin binding","GO:0030507 spectrin binding"
"151","GO:0004197",0.0437307120075443,NA,0.000242642740898007,"cysteine-type endopeptidase activity","GO:0004197 cysteine-type endopeptidase activity"
"152","GO:0004386",0.0437805684230512,NA,0.0172566182702324,"helicase activity","GO:0004386 helicase activity"
"153","GO:0051539",0.0446138120427134,NA,0.0424851830582676,"4 iron, 4 sulfur cluster binding","GO:0051539 4 iron, 4 sulfur cluster binding"
"154","GO:0031490",0.0453048796965601,0.00344986014646452,0.00817774175732693,"chromatin DNA binding","GO:0031490 chromatin DNA binding"
"155","GO:0019894",0.0463355356465204,NA,NA,"kinesin binding","GO:0019894 kinesin binding"
"156","GO:0008028",0.0463715643127798,0.00693049753198855,0.00106205647468293,"monocarboxylic acid transmembrane transporter activity","GO:0008028 monocarboxylic acid transmembrane transporter activity"
"157","GO:0004995",0.046545466237936,0.012493014743816,0.000752203184946974,"tachykinin receptor activity","GO:0004995 tachykinin receptor activity"
"158","GO:0048306",0.0468177836051012,0.0159890490670037,0.0100743220634701,"calcium-dependent protein binding","GO:0048306 calcium-dependent protein binding"
"159","GO:0008233",0.0477217333848697,0.00159304911444823,0.00826570593373506,"peptidase activity","GO:0008233 peptidase activity"
"160","GO:0060090",0.0485100328830331,0.0355606784885731,0.00124291319018853,"molecular adaptor activity","GO:0060090 molecular adaptor activity"
"161","GO:0043531",0.0488637124336906,NA,0.00144453924548181,"ADP binding","GO:0043531 ADP binding"
"162","GO:1990404",0.0489108864361535,0.00335947671324354,NA,"protein ADP-ribosylase activity","GO:1990404 protein ADP-ribosylase activity"
"163","GO:0004969",0.0490080872543294,NA,0.000778694136573992,"histamine receptor activity","GO:0004969 histamine receptor activity"
"164","GO:0005547",0.0492378283421655,NA,0.0110863730872896,"phosphatidylinositol-3,4,5-trisphosphate binding","GO:0005547 phosphatidylinositol-3,4,5-trisphosphate binding"
"165","GO:0022848",NA,6.51276707032816e-07,0.00774309782791488,"acetylcholine-gated cation-selective channel activity","GO:0022848 acetylcholine-gated cation-selective channel activity"
"166","GO:0004713",NA,3.2144643161345e-06,NA,"protein tyrosine kinase activity","GO:0004713 protein tyrosine kinase activity"
"167","GO:0005216",NA,7.48016002709057e-06,0.00232390349953382,"ion channel activity","GO:0005216 ion channel activity"
"168","GO:0005041",NA,2.1384344011792e-05,NA,"low-density lipoprotein particle receptor activity","GO:0005041 low-density lipoprotein particle receptor activity"
"169","GO:0038187",NA,2.78539117409883e-05,NA,"pattern recognition receptor activity","GO:0038187 pattern recognition receptor activity"
"170","GO:0050839",NA,2.80871166824915e-05,0.00895190357081583,"cell adhesion molecule binding","GO:0050839 cell adhesion molecule binding"
"171","GO:0005251",NA,2.906775130089e-05,0.00490145378134296,"delayed rectifier potassium channel activity","GO:0005251 delayed rectifier potassium channel activity"
"172","GO:0004252",NA,3.20664451145901e-05,NA,"serine-type endopeptidase activity","GO:0004252 serine-type endopeptidase activity"
"173","GO:0008066",NA,7.69717208059398e-05,0.00723182339641991,"glutamate receptor activity","GO:0008066 glutamate receptor activity"
"174","GO:0033691",NA,0.000135372889217326,NA,"sialic acid binding","GO:0033691 sialic acid binding"
"175","GO:0015280",NA,0.000171587455691081,0.00936813094684457,"ligand-gated sodium channel activity","GO:0015280 ligand-gated sodium channel activity"
"176","GO:0034185",NA,0.00017433689093453,0.045381830903718,"apolipoprotein binding","GO:0034185 apolipoprotein binding"
"177","GO:0008376",NA,0.000236836758299956,0.00712514861221908,"acetylgalactosaminyltransferase activity","GO:0008376 acetylgalactosaminyltransferase activity"
"178","GO:0005518",NA,0.000238706861603384,NA,"collagen binding","GO:0005518 collagen binding"
"179","GO:0004508",NA,0.000322866635812762,NA,"steroid 17-alpha-monooxygenase activity","GO:0004508 steroid 17-alpha-monooxygenase activity"
"180","GO:0047442",NA,0.000322866635812762,NA,"17-alpha-hydroxyprogesterone aldolase activity","GO:0047442 17-alpha-hydroxyprogesterone aldolase activity"
"181","GO:0008083",NA,0.000331863123958321,0.001822413909696,"growth factor activity","GO:0008083 growth factor activity"
"182","GO:0015464",NA,0.000338148454393678,NA,"acetylcholine receptor activity","GO:0015464 acetylcholine receptor activity"
"183","GO:0015279",NA,0.000432958669461832,NA,"store-operated calcium channel activity","GO:0015279 store-operated calcium channel activity"
"184","GO:0001530",NA,0.000450494967281564,0.0383894986028708,"lipopolysaccharide binding","GO:0001530 lipopolysaccharide binding"
"185","GO:0043395",NA,0.000494794642112876,NA,"heparan sulfate proteoglycan binding","GO:0043395 heparan sulfate proteoglycan binding"
"186","GO:0001653",NA,0.000536261449311378,0.00738369803161537,"peptide receptor activity","GO:0001653 peptide receptor activity"
"187","GO:0019534",NA,0.000539749663049385,NA,"toxin transmembrane transporter activity","GO:0019534 toxin transmembrane transporter activity"
"188","GO:0004965",NA,0.000701665381334884,0.00784715273884756,"G protein-coupled GABA receptor activity","GO:0004965 G protein-coupled GABA receptor activity"
"189","GO:0030544",NA,0.000756308395312563,0.0178601199405868,"Hsp70 protein binding","GO:0030544 Hsp70 protein binding"
"190","GO:0071936",NA,0.000757022484863886,NA,"coreceptor activity involved in Wnt signaling pathway","GO:0071936 coreceptor activity involved in Wnt signaling pathway"
"191","GO:0031628",NA,0.000814019772348549,0.000760753906595181,"opioid receptor binding","GO:0031628 opioid receptor binding"
"192","GO:0004177",NA,0.000825063340738591,0.0176133505660316,"aminopeptidase activity","GO:0004177 aminopeptidase activity"
"193","GO:0001664",NA,0.00095568010365066,0.0339281637012588,"G protein-coupled receptor binding","GO:0001664 G protein-coupled receptor binding"
"194","GO:0005021",NA,0.000977739448670097,NA,"vascular endothelial growth factor-activated receptor activity","GO:0005021 vascular endothelial growth factor-activated receptor activity"
"195","GO:0008502",NA,0.00121589235314137,0.00308707531505807,"melatonin receptor activity","GO:0008502 melatonin receptor activity"
"196","GO:0102567",NA,0.00126960348352099,0.0257829510330338,"phospholipase A2 activity (consuming 1,2-dipalmitoylphosphatidylcholine)","GO:0102567 phospholipase A2 activity (consuming 1,2-dipalmitoylphosphatidylcholine)"
"197","GO:0102568",NA,0.00126960348352099,0.0257829510330338,"phospholipase A2 activity consuming 1,2-dioleoylphosphatidylethanolamine)","GO:0102568 phospholipase A2 activity consuming 1,2-dioleoylphosphatidylethanolamine)"
"198","GO:0010314",NA,0.00127231962480983,NA,"phosphatidylinositol-5-phosphate binding","GO:0010314 phosphatidylinositol-5-phosphate binding"
"199","GO:0070273",NA,0.00132194524796179,NA,"phosphatidylinositol-4-phosphate binding","GO:0070273 phosphatidylinositol-4-phosphate binding"
"200","GO:0003823",NA,0.00158193995853696,NA,"antigen binding","GO:0003823 antigen binding"
"201","GO:0008061",NA,0.00163955633133122,0.0278785760994437,"chitin binding","GO:0008061 chitin binding"
"202","GO:0008191",NA,0.00176135520393604,NA,"metalloendopeptidase inhibitor activity","GO:0008191 metalloendopeptidase inhibitor activity"
"203","GO:0070679",NA,0.00178191689883295,0.0107458906440279,"inositol 1,4,5 trisphosphate binding","GO:0070679 inositol 1,4,5 trisphosphate binding"
"204","GO:0008528",NA,0.00203798606592119,0.00481753141867556,"G protein-coupled peptide receptor activity","GO:0008528 G protein-coupled peptide receptor activity"
"205","GO:0042813",NA,0.00205599708708867,0.0376119320110574,"Wnt-activated receptor activity","GO:0042813 Wnt-activated receptor activity"
"206","GO:0042826",NA,0.00240290695563762,NA,"histone deacetylase binding","GO:0042826 histone deacetylase binding"
"207","GO:0042166",NA,0.00242357345934152,NA,"acetylcholine binding","GO:0042166 acetylcholine binding"
"208","GO:0017081",NA,0.00292217692091478,NA,"chloride channel regulator activity","GO:0017081 chloride channel regulator activity"
"209","GO:0032934",NA,0.00293754540334329,NA,"sterol binding","GO:0032934 sterol binding"
"210","GO:0019838",NA,0.00295061833754503,NA,"growth factor binding","GO:0019838 growth factor binding"
"211","GO:0090729",NA,0.00295567830115538,NA,"toxin activity","GO:0090729 toxin activity"
"212","GO:0044548",NA,0.00317478899212838,NA,"S100 protein binding","GO:0044548 S100 protein binding"
"213","GO:0035374",NA,0.00320102012585038,NA,"chondroitin sulfate binding","GO:0035374 chondroitin sulfate binding"
"214","GO:0030553",NA,0.00348165931946512,NA,"cGMP binding","GO:0030553 cGMP binding"
"215","GO:0016595",NA,0.00350042645175667,NA,"glutamate binding","GO:0016595 glutamate binding"
"216","GO:0038024",NA,0.00351824003570955,NA,"cargo receptor activity","GO:0038024 cargo receptor activity"
"217","GO:0003964",NA,0.00365045733294037,NA,"RNA-directed DNA polymerase activity","GO:0003964 RNA-directed DNA polymerase activity"
"218","GO:0008429",NA,0.00382193650719782,0.03662593920146,"phosphatidylethanolamine binding","GO:0008429 phosphatidylethanolamine binding"
"219","GO:0015276",NA,0.00434203314234056,0.00518593202717129,"ligand-gated ion channel activity","GO:0015276 ligand-gated ion channel activity"
"220","GO:0004497",NA,0.00454371457374035,0.00142769766319713,"monooxygenase activity","GO:0004497 monooxygenase activity"
"221","GO:0004721",NA,0.00465077021713413,NA,"phosphoprotein phosphatase activity","GO:0004721 phosphoprotein phosphatase activity"
"222","GO:0004890",NA,0.00470122145451368,0.010326424544797,"GABA-A receptor activity","GO:0004890 GABA-A receptor activity"
"223","GO:0070330",NA,0.00476396985689588,0.0132734801375301,"aromatase activity","GO:0070330 aromatase activity"
"224","GO:0005001",NA,0.00488245662843788,NA,"transmembrane receptor protein tyrosine phosphatase activity","GO:0005001 transmembrane receptor protein tyrosine phosphatase activity"
"225","GO:0005179",NA,0.00494428068171288,NA,"hormone activity","GO:0005179 hormone activity"
"226","GO:0008519",NA,0.00522900000718157,NA,"ammonium transmembrane transporter activity","GO:0008519 ammonium transmembrane transporter activity"
"227","GO:0070891",NA,0.00531335647786039,NA,"lipoteichoic acid binding","GO:0070891 lipoteichoic acid binding"
"228","GO:0046920",NA,0.00540205953745447,NA,"alpha-(1->3)-fucosyltransferase activity","GO:0046920 alpha-(1->3)-fucosyltransferase activity"
"229","GO:0005267",NA,0.00563003539880949,0.00808006295806005,"potassium channel activity","GO:0005267 potassium channel activity"
"230","GO:0043236",NA,0.00582555374289617,NA,"laminin binding","GO:0043236 laminin binding"
"231","GO:0070006",NA,0.00613336447527233,0.0067910911845915,"metalloaminopeptidase activity","GO:0070006 metalloaminopeptidase activity"
"232","GO:0047498",NA,0.00670303891867855,NA,"calcium-dependent phospholipase A2 activity","GO:0047498 calcium-dependent phospholipase A2 activity"
"233","GO:1904399",NA,0.00672721783982703,NA,"heparan sulfate binding","GO:1904399 heparan sulfate binding"
"234","GO:0004623",NA,0.00707284040603169,NA,"phospholipase A2 activity","GO:0004623 phospholipase A2 activity"
"235","GO:0050661",NA,0.00732700788635004,0.0212891793959028,"NADP binding","GO:0050661 NADP binding"
"236","GO:0008395",NA,0.00738367994369325,NA,"steroid hydroxylase activity","GO:0008395 steroid hydroxylase activity"
"237","GO:1904928",NA,0.00763658524507415,NA,"coreceptor activity involved in canonical Wnt signaling pathway","GO:1904928 coreceptor activity involved in canonical Wnt signaling pathway"
"238","GO:0016500",NA,0.00782998970301768,NA,"protein-hormone receptor activity","GO:0016500 protein-hormone receptor activity"
"239","GO:0004175",NA,0.00823772049147116,0.0394876264659292,"endopeptidase activity","GO:0004175 endopeptidase activity"
"240","GO:0030023",NA,0.00826481355019893,NA,"extracellular matrix constituent conferring elasticity","GO:0030023 extracellular matrix constituent conferring elasticity"
"241","GO:0022841",NA,0.0082987181617423,0.0114329402689328,"potassium ion leak channel activity","GO:0022841 potassium ion leak channel activity"
"242","GO:0004601",NA,0.00836446311972232,NA,"peroxidase activity","GO:0004601 peroxidase activity"
"243","GO:0072345",NA,0.00890076282895681,NA,"NAADP-sensitive calcium-release channel activity","GO:0072345 NAADP-sensitive calcium-release channel activity"
"244","GO:0019210",NA,0.00890713417957787,NA,"kinase inhibitor activity","GO:0019210 kinase inhibitor activity"
"245","GO:0051380",NA,0.00895827750565777,0.000990780310563446,"norepinephrine binding","GO:0051380 norepinephrine binding"
"246","GO:0035375",NA,0.00897214294929854,NA,"zymogen binding","GO:0035375 zymogen binding"
"247","GO:0099579",NA,0.00912599420689064,NA,"G protein-coupled neurotransmitter receptor activity involved in regulation of postsynaptic membrane potential","GO:0099579 G protein-coupled neurotransmitter receptor activity involved in regulation of postsynaptic membrane potential"
"248","GO:0015081",NA,0.00919159423235925,NA,"sodium ion transmembrane transporter activity","GO:0015081 sodium ion transmembrane transporter activity"
"249","GO:1901363",NA,0.00949182991527976,0.0215449155160336,"heterocyclic compound binding","GO:1901363 heterocyclic compound binding"
"250","GO:0016499",NA,0.00962794748844807,0.0386432879627312,"orexin receptor activity","GO:0016499 orexin receptor activity"
"251","GO:0030020",NA,0.00968224665345732,NA,"extracellular matrix structural constituent conferring tensile strength","GO:0030020 extracellular matrix structural constituent conferring tensile strength"
"252","GO:0005007",NA,0.0100845095738152,NA,"fibroblast growth factor-activated receptor activity","GO:0005007 fibroblast growth factor-activated receptor activity"
"253","GO:0005543",NA,0.0101027643429018,0.00134975702042548,"phospholipid binding","GO:0005543 phospholipid binding"
"254","GO:0017022",NA,0.0109508037459199,0.0271694864809896,"myosin binding","GO:0017022 myosin binding"
"255","GO:0017166",NA,0.0118986948759193,NA,"vinculin binding","GO:0017166 vinculin binding"
"256","GO:0005222",NA,0.0123087940902644,NA,"intracellular cAMP-activated cation channel activity","GO:0005222 intracellular cAMP-activated cation channel activity"
"257","GO:0019964",NA,0.0124203638992884,NA,"interferon-gamma binding","GO:0019964 interferon-gamma binding"
"258","GO:0016758",NA,0.0124503583247163,NA,"transferase activity, transferring hexosyl groups","GO:0016758 transferase activity, transferring hexosyl groups"
"259","GO:0001102",NA,0.0125677354045416,0.0254113100907936,"RNA polymerase II activating transcription factor binding","GO:0001102 RNA polymerase II activating transcription factor binding"
"260","GO:0004941",NA,0.0128501830618639,0.00124837435119137,"beta2-adrenergic receptor activity","GO:0004941 beta2-adrenergic receptor activity"
"261","GO:0030552",NA,0.0142792031884227,NA,"cAMP binding","GO:0030552 cAMP binding"
"262","GO:0039706",NA,0.0149130977453959,NA,"co-receptor binding","GO:0039706 co-receptor binding"
"263","GO:0017154",NA,0.0153975950045284,NA,"semaphorin receptor activity","GO:0017154 semaphorin receptor activity"
"264","GO:0017048",NA,0.0155831232456294,0.0256787310125673,"Rho GTPase binding","GO:0017048 Rho GTPase binding"
"265","GO:0015485",NA,0.0159366781877078,0.00229145496100071,"cholesterol binding","GO:0015485 cholesterol binding"
"266","GO:0005314",NA,0.0170635472936226,NA,"high-affinity glutamate transmembrane transporter activity","GO:0005314 high-affinity glutamate transmembrane transporter activity"
"267","GO:0015501",NA,0.0170635472936226,NA,"glutamate:sodium symporter activity","GO:0015501 glutamate:sodium symporter activity"
"268","GO:0015379",NA,0.0172464817790043,NA,"potassium:chloride symporter activity","GO:0015379 potassium:chloride symporter activity"
"269","GO:0047756",NA,0.0180334868839841,NA,"chondroitin 4-sulfotransferase activity","GO:0047756 chondroitin 4-sulfotransferase activity"
"270","GO:0001085",NA,0.0180482167240407,0.00992769502944166,"RNA polymerase II transcription factor binding","GO:0001085 RNA polymerase II transcription factor binding"
"271","GO:0004383",NA,0.0181234623981912,0.0172701189916692,"guanylate cyclase activity","GO:0004383 guanylate cyclase activity"
"272","GO:0005088",NA,0.0181710345164333,0.00198618846069974,"Ras guanyl-nucleotide exchange factor activity","GO:0005088 Ras guanyl-nucleotide exchange factor activity"
"273","GO:0015026",NA,0.0181991270914009,NA,"coreceptor activity","GO:0015026 coreceptor activity"
"274","GO:0035650",NA,0.0182998838888262,NA,"AP-1 adaptor complex binding","GO:0035650 AP-1 adaptor complex binding"
"275","GO:0033781",NA,0.0201513934410273,NA,"cholesterol 24-hydroxylase activity","GO:0033781 cholesterol 24-hydroxylase activity"
"276","GO:0003958",NA,0.020236643164145,NA,"NADPH-hemoprotein reductase activity","GO:0003958 NADPH-hemoprotein reductase activity"
"277","GO:0030021",NA,0.0204046765813073,NA,"extracellular matrix structural constituent conferring compression resistance","GO:0030021 extracellular matrix structural constituent conferring compression resistance"
"278","GO:0005248",NA,0.0207454622230137,NA,"voltage-gated sodium channel activity","GO:0005248 voltage-gated sodium channel activity"
"279","GO:0097110",NA,0.021272834430504,0.0205556185845503,"scaffold protein binding","GO:0097110 scaffold protein binding"
"280","GO:0098633",NA,0.0218937324429663,NA,"collagen fibril binding","GO:0098633 collagen fibril binding"
"281","GO:0033842",NA,0.0228453690410321,0.0469922626583551,"N-acetyl-beta-glucosaminyl-glycoprotein 4-beta-N-acetylgalactosaminyltransferase activity","GO:0033842 N-acetyl-beta-glucosaminyl-glycoprotein 4-beta-N-acetylgalactosaminyltransferase activity"
"282","GO:0008307",NA,0.0231936895839198,NA,"structural constituent of muscle","GO:0008307 structural constituent of muscle"
"283","GO:0099508",NA,0.0233077722422138,NA,"voltage-gated ion channel activity involved in regulation of presynaptic membrane potential","GO:0099508 voltage-gated ion channel activity involved in regulation of presynaptic membrane potential"
"284","GO:0036374",NA,0.0234477877972094,NA,"glutathione hydrolase activity","GO:0036374 glutathione hydrolase activity"
"285","GO:0102953",NA,0.0234477877972094,NA,"hypoglycin A gamma-glutamyl transpeptidase activity","GO:0102953 hypoglycin A gamma-glutamyl transpeptidase activity"
"286","GO:0103068",NA,0.0234477877972094,NA,"leukotriene C4 gamma-glutamyl transferase activity","GO:0103068 leukotriene C4 gamma-glutamyl transferase activity"
"287","GO:0030169",NA,0.0237774523630824,NA,"low-density lipoprotein particle binding","GO:0030169 low-density lipoprotein particle binding"
"288","GO:0003707",NA,0.0245190691658612,NA,"steroid hormone receptor activity","GO:0003707 steroid hormone receptor activity"
"289","GO:0005246",NA,0.0246743373757638,NA,"calcium channel regulator activity","GO:0005246 calcium channel regulator activity"
"290","GO:0004089",NA,0.0250389573923292,NA,"carbonate dehydratase activity","GO:0004089 carbonate dehydratase activity"
"291","GO:0008656",NA,0.02534995459013,NA,"cysteine-type endopeptidase activator activity involved in apoptotic process","GO:0008656 cysteine-type endopeptidase activator activity involved in apoptotic process"
"292","GO:0050649",NA,0.0259566194038467,NA,"testosterone 6-beta-hydroxylase activity","GO:0050649 testosterone 6-beta-hydroxylase activity"
"293","GO:0080025",NA,0.026288454849396,NA,"phosphatidylinositol-3,5-bisphosphate binding","GO:0080025 phosphatidylinositol-3,5-bisphosphate binding"
"294","GO:0004938",NA,0.0264389649387243,NA,"alpha2-adrenergic receptor activity","GO:0004938 alpha2-adrenergic receptor activity"
"295","GO:0070034",NA,0.0266204352804101,NA,"telomerase RNA binding","GO:0070034 telomerase RNA binding"
"296","GO:0047150",NA,0.0268470836600157,NA,"betaine-homocysteine S-methyltransferase activity","GO:0047150 betaine-homocysteine S-methyltransferase activity"
"297","GO:0099507",NA,0.0269916619495949,NA,"ligand-gated ion channel activity involved in regulation of presynaptic membrane potential","GO:0099507 ligand-gated ion channel activity involved in regulation of presynaptic membrane potential"
"298","GO:0005252",NA,0.027261696786869,NA,"open rectifier potassium channel activity","GO:0005252 open rectifier potassium channel activity"
"299","GO:0004937",NA,0.0277690456502138,NA,"alpha1-adrenergic receptor activity","GO:0004937 alpha1-adrenergic receptor activity"
"300","GO:0004180",NA,0.0279853373728118,NA,"carboxypeptidase activity","GO:0004180 carboxypeptidase activity"
"301","GO:0097718",NA,0.0280077611776372,0.0497751463846044,"disordered domain specific binding","GO:0097718 disordered domain specific binding"
"302","GO:0004879",NA,0.0283786282734062,NA,"nuclear receptor activity","GO:0004879 nuclear receptor activity"
"303","GO:0034000",NA,0.02864222799144,NA,"chondroitin-sulfate-ABC endolyase activity","GO:0034000 chondroitin-sulfate-ABC endolyase activity"
"304","GO:0005540",NA,0.0299182229552144,NA,"hyaluronic acid binding","GO:0005540 hyaluronic acid binding"
"305","GO:0042923",NA,0.030204064193534,0.0031730095122407,"neuropeptide binding","GO:0042923 neuropeptide binding"
"306","GO:0050659",NA,0.0306726175461746,NA,"N-acetylgalactosamine 4-sulfate 6-O-sulfotransferase activity","GO:0050659 N-acetylgalactosamine 4-sulfate 6-O-sulfotransferase activity"
"307","GO:0004869",NA,0.0314632651063631,NA,"cysteine-type endopeptidase inhibitor activity","GO:0004869 cysteine-type endopeptidase inhibitor activity"
"308","GO:0031418",NA,0.0323698904454191,0.00632564548020713,"L-ascorbic acid binding","GO:0031418 L-ascorbic acid binding"
"309","GO:0042165",NA,0.032656411563699,NA,"neurotransmitter binding","GO:0042165 neurotransmitter binding"
"310","GO:0005242",NA,0.0328932737951229,NA,"inward rectifier potassium channel activity","GO:0005242 inward rectifier potassium channel activity"
"311","GO:0048407",NA,0.0332347147885913,NA,"platelet-derived growth factor binding","GO:0048407 platelet-derived growth factor binding"
"312","GO:0070492",NA,0.0333318694372119,NA,"oligosaccharide binding","GO:0070492 oligosaccharide binding"
"313","GO:0001641",NA,0.0334109177825245,NA,"group II metabotropic glutamate receptor activity","GO:0001641 group II metabotropic glutamate receptor activity"
"314","GO:0043237",NA,0.0336183614284456,NA,"laminin-1 binding","GO:0043237 laminin-1 binding"
"315","GO:0008131",NA,0.0339442714202098,NA,"primary amine oxidase activity","GO:0008131 primary amine oxidase activity"
"316","GO:0004994",NA,0.0344709434563649,NA,"somatostatin receptor activity","GO:0004994 somatostatin receptor activity"
"317","GO:0002162",NA,0.0354488351664734,0.0448229180590801,"dystroglycan binding","GO:0002162 dystroglycan binding"
"318","GO:0015349",NA,0.0358395547369547,0.00464086951755012,"thyroid hormone transmembrane transporter activity","GO:0015349 thyroid hormone transmembrane transporter activity"
"319","GO:0035373",NA,0.0359795775523072,NA,"chondroitin sulfate proteoglycan binding","GO:0035373 chondroitin sulfate proteoglycan binding"
"320","GO:0005254",NA,0.036534633049462,0.00424690338465321,"chloride channel activity","GO:0005254 chloride channel activity"
"321","GO:0004864",NA,0.0366050052912407,NA,"protein phosphatase inhibitor activity","GO:0004864 protein phosphatase inhibitor activity"
"322","GO:0051378",NA,0.0370357924312417,NA,"serotonin binding","GO:0051378 serotonin binding"
"323","GO:0050431",NA,0.0374744150168777,NA,"transforming growth factor beta binding","GO:0050431 transforming growth factor beta binding"
"324","GO:0032093",NA,0.0381865806255533,NA,"SAM domain binding","GO:0032093 SAM domain binding"
"325","GO:0097604",NA,0.0382912914933486,0.043012197482274,"temperature-gated cation channel activity","GO:0097604 temperature-gated cation channel activity"
"326","GO:0015179",NA,0.0384045140623924,NA,"L-amino acid transmembrane transporter activity","GO:0015179 L-amino acid transmembrane transporter activity"
"327","GO:0043208",NA,0.0394097064363153,NA,"glycosphingolipid binding","GO:0043208 glycosphingolipid binding"
"328","GO:0016755",NA,0.0397584473938831,NA,"transferase activity, transferring amino-acyl groups","GO:0016755 transferase activity, transferring amino-acyl groups"
"329","GO:0010855",NA,0.0410667662678025,NA,"adenylate cyclase inhibitor activity","GO:0010855 adenylate cyclase inhibitor activity"
"330","GO:0000976",NA,0.041411684325942,0.0206577830924172,"transcription regulatory region sequence-specific DNA binding","GO:0000976 transcription regulatory region sequence-specific DNA binding"
"331","GO:0022851",NA,0.0414511569888188,NA,"GABA-gated chloride ion channel activity","GO:0022851 GABA-gated chloride ion channel activity"
"332","GO:0019806",NA,0.0420171574733685,NA,"bromide peroxidase activity","GO:0019806 bromide peroxidase activity"
"333","GO:0004971",NA,0.0420981520654287,NA,"AMPA glutamate receptor activity","GO:0004971 AMPA glutamate receptor activity"
"334","GO:0000048",NA,0.0436479123681342,NA,"peptidyltransferase activity","GO:0000048 peptidyltransferase activity"
"335","GO:0032393",NA,0.0437229824497808,NA,"MHC class I receptor activity","GO:0032393 MHC class I receptor activity"
"336","GO:0001642",NA,0.0437273580293425,NA,"group III metabotropic glutamate receptor activity","GO:0001642 group III metabotropic glutamate receptor activity"
"337","GO:0008013",NA,0.0441798150275794,0.0042408888487841,"beta-catenin binding","GO:0008013 beta-catenin binding"
"338","GO:1990430",NA,0.0447571701184458,NA,"extracellular matrix protein binding","GO:1990430 extracellular matrix protein binding"
"339","GO:0042169",NA,0.0449193549532953,NA,"SH2 domain binding","GO:0042169 SH2 domain binding"
"340","GO:0005089",NA,0.0450246502343325,0.00905164714338673,"Rho guanyl-nucleotide exchange factor activity","GO:0005089 Rho guanyl-nucleotide exchange factor activity"
"341","GO:0016941",NA,0.0451723924525718,NA,"natriuretic peptide receptor activity","GO:0016941 natriuretic peptide receptor activity"
"342","GO:0015184",NA,0.0454095499365386,NA,"L-cystine transmembrane transporter activity","GO:0015184 L-cystine transmembrane transporter activity"
"343","GO:0008336",NA,0.0457138001008531,NA,"gamma-butyrobetaine dioxygenase activity","GO:0008336 gamma-butyrobetaine dioxygenase activity"
"344","GO:0005223",NA,0.0457776020141414,NA,"intracellular cGMP-activated cation channel activity","GO:0005223 intracellular cGMP-activated cation channel activity"
"345","GO:0004040",NA,0.0458567056632654,NA,"amidase activity","GO:0004040 amidase activity"
"346","GO:0004503",NA,0.045876210341791,NA,"monophenol monooxygenase activity","GO:0004503 monophenol monooxygenase activity"
"347","GO:0005104",NA,0.0461847355810862,NA,"fibroblast growth factor receptor binding","GO:0005104 fibroblast growth factor receptor binding"
"348","GO:0004861",NA,0.0468403672814467,NA,"cyclin-dependent protein serine/threonine kinase inhibitor activity","GO:0004861 cyclin-dependent protein serine/threonine kinase inhibitor activity"
"349","GO:0004952",NA,0.0478936398486309,0.0286775523811151,"dopamine neurotransmitter receptor activity","GO:0004952 dopamine neurotransmitter receptor activity"
"350","GO:1990841",NA,0.0495150880936417,0.001540784976257,"promoter-specific chromatin binding","GO:1990841 promoter-specific chromatin binding"
"351","GO:0008226",NA,0.049615468159989,0.0469046712434761,"tyramine receptor activity","GO:0008226 tyramine receptor activity"
"352","GO:0003996",NA,0.0496726282937641,NA,"acyl-CoA ligase activity","GO:0003996 acyl-CoA ligase activity"
"353","GO:0102391",NA,0.0496726282937641,NA,"decanoate-CoA ligase activity","GO:0102391 decanoate-CoA ligase activity"
"354","GO:0016706",NA,NA,0.00172761340034016,"2-oxoglutarate-dependent dioxygenase activity","GO:0016706 2-oxoglutarate-dependent dioxygenase activity"
"355","GO:0004940",NA,NA,0.0017350118249564,"beta1-adrenergic receptor activity","GO:0004940 beta1-adrenergic receptor activity"
"356","GO:0031072",NA,NA,0.00189727261056438,"heat shock protein binding","GO:0031072 heat shock protein binding"
"357","GO:0015459",NA,NA,0.00214100785214444,"potassium channel regulator activity","GO:0015459 potassium channel regulator activity"
"358","GO:0008179",NA,NA,0.00291255954613055,"adenylate cyclase binding","GO:0008179 adenylate cyclase binding"
"359","GO:0030276",NA,NA,0.00318890785142326,"clathrin binding","GO:0030276 clathrin binding"
"360","GO:0003774",NA,NA,0.00322898200034919,"motor activity","GO:0003774 motor activity"
"361","GO:0003730",NA,NA,0.00430073490840166,"mRNA 3'-UTR binding","GO:0003730 mRNA 3'-UTR binding"
"362","GO:0015631",NA,NA,0.00434035346588697,"tubulin binding","GO:0015631 tubulin binding"
"363","GO:0004989",NA,NA,0.00476339160239964,"octopamine receptor activity","GO:0004989 octopamine receptor activity"
"364","GO:0003755",NA,NA,0.00514423158225878,"peptidyl-prolyl cis-trans isomerase activity","GO:0003755 peptidyl-prolyl cis-trans isomerase activity"
"365","GO:0017056",NA,NA,0.00654485023906061,"structural constituent of nuclear pore","GO:0017056 structural constituent of nuclear pore"
"366","GO:0004980",NA,NA,0.00670748086388327,"melanocyte-stimulating hormone receptor activity","GO:0004980 melanocyte-stimulating hormone receptor activity"
"367","GO:0051721",NA,NA,0.00793171385506982,"protein phosphatase 2A binding","GO:0051721 protein phosphatase 2A binding"
"368","GO:0019888",NA,NA,0.00894371493054048,"protein phosphatase regulator activity","GO:0019888 protein phosphatase regulator activity"
"369","GO:0016757",NA,NA,0.00956669507106152,"transferase activity, transferring glycosyl groups","GO:0016757 transferase activity, transferring glycosyl groups"
"370","GO:0019902",NA,NA,0.0105037944198513,"phosphatase binding","GO:0019902 phosphatase binding"
"371","GO:0003824",NA,NA,0.0119339541414237,"catalytic activity","GO:0003824 catalytic activity"
"372","GO:0019843",NA,NA,0.0124215267647531,"rRNA binding","GO:0019843 rRNA binding"
"373","GO:0003688",NA,NA,0.012859730331474,"DNA replication origin binding","GO:0003688 DNA replication origin binding"
"374","GO:0016791",NA,NA,0.0135866459381689,"phosphatase activity","GO:0016791 phosphatase activity"
"375","GO:0015171",NA,NA,0.0138275416195427,"amino acid transmembrane transporter activity","GO:0015171 amino acid transmembrane transporter activity"
"376","GO:0008146",NA,NA,0.0140379856829148,"sulfotransferase activity","GO:0008146 sulfotransferase activity"
"377","GO:0051020",NA,NA,0.0140900295397349,"GTPase binding","GO:0051020 GTPase binding"
"378","GO:0051879",NA,NA,0.0154198221563809,"Hsp90 protein binding","GO:0051879 Hsp90 protein binding"
"379","GO:0008020",NA,NA,0.0178635548570757,"G protein-coupled photoreceptor activity","GO:0008020 G protein-coupled photoreceptor activity"
"380","GO:0052689",NA,NA,0.0197651502987739,"carboxylic ester hydrolase activity","GO:0052689 carboxylic ester hydrolase activity"
"381","GO:0048365",NA,NA,0.0205814444377999,"Rac GTPase binding","GO:0048365 Rac GTPase binding"
"382","GO:0004977",NA,NA,0.0206129831716192,"melanocortin receptor activity","GO:0004977 melanocortin receptor activity"
"383","GO:0017112",NA,NA,0.0208721232380088,"Rab guanyl-nucleotide exchange factor activity","GO:0017112 Rab guanyl-nucleotide exchange factor activity"
"384","GO:0031491",NA,NA,0.0208852608758744,"nucleosome binding","GO:0031491 nucleosome binding"
"385","GO:0004553",NA,NA,0.0209079406257388,"hydrolase activity, hydrolyzing O-glycosyl compounds","GO:0004553 hydrolase activity, hydrolyzing O-glycosyl compounds"
"386","GO:0070840",NA,NA,0.0209541971550114,"dynein complex binding","GO:0070840 dynein complex binding"
"387","GO:0005244",NA,NA,0.0226746802875313,"voltage-gated ion channel activity","GO:0005244 voltage-gated ion channel activity"
"388","GO:0008484",NA,NA,0.023249591113443,"sulfuric ester hydrolase activity","GO:0008484 sulfuric ester hydrolase activity"
"389","GO:0051219",NA,NA,0.0240011800848421,"phosphoprotein binding","GO:0051219 phosphoprotein binding"
"390","GO:0043014",NA,NA,0.0242617079680131,"alpha-tubulin binding","GO:0043014 alpha-tubulin binding"
"391","GO:0016504",NA,NA,0.0245872432025136,"peptidase activator activity","GO:0016504 peptidase activator activity"
"392","GO:0030898",NA,NA,0.0247489840639898,"actin-dependent ATPase activity","GO:0030898 actin-dependent ATPase activity"
"393","GO:0015173",NA,NA,0.0260458459794356,"aromatic amino acid transmembrane transporter activity","GO:0015173 aromatic amino acid transmembrane transporter activity"
"394","GO:0051287",NA,NA,0.0270425586169811,"NAD binding","GO:0051287 NAD binding"
"395","GO:0005080",NA,NA,0.0274895396117286,"protein kinase C binding","GO:0005080 protein kinase C binding"
"396","GO:0043022",NA,NA,0.0277977898040752,"ribosome binding","GO:0043022 ribosome binding"
"397","GO:0048487",NA,NA,0.0280674273183954,"beta-tubulin binding","GO:0048487 beta-tubulin binding"
"398","GO:0051213",NA,NA,0.0283666275617553,"dioxygenase activity","GO:0051213 dioxygenase activity"
"399","GO:0008227",NA,NA,0.0291224991484586,"G protein-coupled amine receptor activity","GO:0008227 G protein-coupled amine receptor activity"
"400","GO:0003899",NA,NA,0.0293843283924899,"DNA-directed 5'-3' RNA polymerase activity","GO:0003899 DNA-directed 5'-3' RNA polymerase activity"
"401","GO:0008536",NA,NA,0.0299053488730387,"Ran GTPase binding","GO:0008536 Ran GTPase binding"
"402","GO:0000993",NA,NA,0.0299229717302977,"RNA polymerase II complex binding","GO:0000993 RNA polymerase II complex binding"
"403","GO:0015278",NA,NA,0.0306703217505532,"calcium-release channel activity","GO:0015278 calcium-release channel activity"
"404","GO:0030515",NA,NA,0.0310634593030874,"snoRNA binding","GO:0030515 snoRNA binding"
"405","GO:0004712",NA,NA,0.031950281013626,"protein serine/threonine/tyrosine kinase activity","GO:0004712 protein serine/threonine/tyrosine kinase activity"
"406","GO:0005542",NA,NA,0.0321715488666666,"folic acid binding","GO:0005542 folic acid binding"
"407","GO:0051059",NA,NA,0.033362649671828,"NF-kappaB binding","GO:0051059 NF-kappaB binding"
"408","GO:0051393",NA,NA,0.0342088295796533,"alpha-actinin binding","GO:0051393 alpha-actinin binding"
"409","GO:0001784",NA,NA,0.0346562953327711,"phosphotyrosine residue binding","GO:0001784 phosphotyrosine residue binding"
"410","GO:0051537",NA,NA,0.0354129595229374,"2 iron, 2 sulfur cluster binding","GO:0051537 2 iron, 2 sulfur cluster binding"
"411","GO:0000987",NA,NA,0.0378861883542346,"cis-regulatory region sequence-specific DNA binding","GO:0000987 cis-regulatory region sequence-specific DNA binding"
"412","GO:0043015",NA,NA,0.0394509312009243,"gamma-tubulin binding","GO:0043015 gamma-tubulin binding"
"413","GO:0070063",NA,NA,0.0394663922796954,"RNA polymerase binding","GO:0070063 RNA polymerase binding"
"414","GO:0015643",NA,NA,0.0395728224495291,"toxic substance binding","GO:0015643 toxic substance binding"
"415","GO:0071889",NA,NA,0.0400009355858058,"14-3-3 protein binding","GO:0071889 14-3-3 protein binding"
"416","GO:0031593",NA,NA,0.0410715109195593,"polyubiquitin modification-dependent protein binding","GO:0031593 polyubiquitin modification-dependent protein binding"
"417","GO:0015297",NA,NA,0.0411245824614676,"antiporter activity","GO:0015297 antiporter activity"
"418","GO:0061608",NA,NA,0.0433361684188974,"nuclear import signal receptor activity","GO:0061608 nuclear import signal receptor activity"
"419","GO:0017025",NA,NA,0.0443644602782169,"TBP-class protein binding","GO:0017025 TBP-class protein binding"
"420","GO:0051379",NA,NA,0.0446555107751577,"epinephrine binding","GO:0051379 epinephrine binding"
"421","GO:0016702",NA,NA,0.0458736858983017,"oxidoreductase activity, acting on single donors with incorporation of molecular oxygen, incorporation of two atoms of oxygen","GO:0016702 oxidoreductase activity, acting on single donors with incorporation of molecular oxygen, incorporation of two atoms of oxygen"
"422","GO:0000146",NA,NA,0.0459305993778853,"microfilament motor activity","GO:0000146 microfilament motor activity"
"423","GO:0004181",NA,NA,0.046041994125249,"metallocarboxypeptidase activity","GO:0004181 metallocarboxypeptidase activity"
"424","GO:0003746",NA,NA,0.0480789157170277,"translation elongation factor activity","GO:0003746 translation elongation factor activity"
"425","GO:0030332",NA,NA,0.0481283863033016,"cyclin binding","GO:0030332 cyclin binding"
"426","GO:0015035",NA,NA,0.0489562068786428,"protein disulfide oxidoreductase activity","GO:0015035 protein disulfide oxidoreductase activity"
"427","GO:0004745",NA,NA,0.0499587787768224,"retinol dehydrogenase activity","GO:0004745 retinol dehydrogenase activity"
