UDIndexName,i7_,i7Bases (Sample Sheet),i5Bases (sample sheet),i7_,i7_UDI Sequence,i5,i5_UDI
UDI0001,AACCGCGG,CCGCGGTT,AGCGCTAG,i7_UDI0001,CAAGCAGAAGACGGCATACGAGATAACCGCGGGTGACTGGAGTTCAGACGTGT,i5UDI0001,AATGATACGGCGACCACCGAGATCTACACAGCGCTAGACACTCTTTCCCTACACGAC
UDI0002,GGTTATAA,TTATAACC,GATATCGA,i7_UDI0002,CAAGCAGAAGACGGCATACGAGATGGTTATAAGTGACTGGAGTTCAGACGTGT,i5UDI0002,AATGATACGGCGACCACCGAGATCTACACGATATCGAACACTCTTTCCCTACACGAC
UDI0003,CCAAGTCC,GGACTTGG,CGCAGACG,i7_UDI0003,CAAGCAGAAGACGGCATACGAGATCCAAGTCCGTGACTGGAGTTCAGACGTGT,i5UDI0003,AATGATACGGCGACCACCGAGATCTACACCGCAGACGACACTCTTTCCCTACACGAC
UDI0004,TTGGACTT,AAGTCCAA,TATGAGTA,i7_UDI0004,CAAGCAGAAGACGGCATACGAGATTTGGACTTGTGACTGGAGTTCAGACGTGT,i5UDI0004,AATGATACGGCGACCACCGAGATCTACACTATGAGTAACACTCTTTCCCTACACGAC
UDI0005,CAGTGGAT,ATCCACTG,AGGTGCGT,i7_UDI0005,CAAGCAGAAGACGGCATACGAGATCAGTGGATGTGACTGGAGTTCAGACGTGT,i5UDI0005,AATGATACGGCGACCACCGAGATCTACACAGGTGCGTACACTCTTTCCCTACACGAC
UDI0006,TGACAAGC,GCTTGTCA,GAACATAC,i7_UDI0006,CAAGCAGAAGACGGCATACGAGATTGACAAGCGTGACTGGAGTTCAGACGTGT,i5UDI0006,AATGATACGGCGACCACCGAGATCTACACGAACATACACACTCTTTCCCTACACGAC
UDI0007,CTAGCTTG,CAAGCTAG,ACATAGCG,i7_UDI0007,CAAGCAGAAGACGGCATACGAGATCTAGCTTGGTGACTGGAGTTCAGACGTGT,i5UDI0007,AATGATACGGCGACCACCGAGATCTACACACATAGCGACACTCTTTCCCTACACGAC
UDI0008,TCGATCCA,TGGATCGA,GTGCGATA,i7_UDI0008,CAAGCAGAAGACGGCATACGAGATTCGATCCAGTGACTGGAGTTCAGACGTGT,i5UDI0008,AATGATACGGCGACCACCGAGATCTACACGTGCGATAACACTCTTTCCCTACACGAC
UDI0009,CCTGAACT,AGTTCAGG,CCAACAGA,i7_UDI0009,CAAGCAGAAGACGGCATACGAGATCCTGAACTGTGACTGGAGTTCAGACGTGT,i5UDI0009,AATGATACGGCGACCACCGAGATCTACACCCAACAGAACACTCTTTCCCTACACGAC
UDI0010,TTCAGGTC,GACCTGAA,TTGGTGAG,i7_UDI0010,CAAGCAGAAGACGGCATACGAGATTTCAGGTCGTGACTGGAGTTCAGACGTGT,i5UDI0010,AATGATACGGCGACCACCGAGATCTACACTTGGTGAGACACTCTTTCCCTACACGAC
UDI0011,AGTAGAGA,TCTCTACT,CGCGGTTC,i7_UDI0011,CAAGCAGAAGACGGCATACGAGATAGTAGAGAGTGACTGGAGTTCAGACGTGT,i5UDI0011,AATGATACGGCGACCACCGAGATCTACACCGCGGTTCACACTCTTTCCCTACACGAC
UDI0012,GACGAGAG,CTCTCGTC,TATAACCT,i7_UDI0012,CAAGCAGAAGACGGCATACGAGATGACGAGAGGTGACTGGAGTTCAGACGTGT,i5UDI0012,AATGATACGGCGACCACCGAGATCTACACTATAACCTACACTCTTTCCCTACACGAC
UDI0013,AGACTTGG,CCAAGTCT,AAGGATGA,i7_UDI0013,CAAGCAGAAGACGGCATACGAGATAGACTTGGGTGACTGGAGTTCAGACGTGT,i5UDI0013,AATGATACGGCGACCACCGAGATCTACACAAGGATGAACACTCTTTCCCTACACGAC
UDI0014,GAGTCCAA,TTGGACTC,GGAAGCAG,i7_UDI0014,CAAGCAGAAGACGGCATACGAGATGAGTCCAAGTGACTGGAGTTCAGACGTGT,i5UDI0014,AATGATACGGCGACCACCGAGATCTACACGGAAGCAGACACTCTTTCCCTACACGAC
UDI0015,CTTAAGCC,GGCTTAAG,TCGTGACC,i7_UDI0015,CAAGCAGAAGACGGCATACGAGATCTTAAGCCGTGACTGGAGTTCAGACGTGT,i5UDI0015,AATGATACGGCGACCACCGAGATCTACACTCGTGACCACACTCTTTCCCTACACGAC
UDI0016,TCCGGATT,AATCCGGA,CTACAGTT,i7_UDI0016,CAAGCAGAAGACGGCATACGAGATTCCGGATTGTGACTGGAGTTCAGACGTGT,i5UDI0016,AATGATACGGCGACCACCGAGATCTACACCTACAGTTACACTCTTTCCCTACACGAC
UDI0017,CTGTATTA,TAATACAG,ATATTCAC,i7_UDI0017,CAAGCAGAAGACGGCATACGAGATCTGTATTAGTGACTGGAGTTCAGACGTGT,i5UDI0017,AATGATACGGCGACCACCGAGATCTACACATATTCACACACTCTTTCCCTACACGAC
UDI0018,TCACGCCG,CGGCGTGA,GCGCCTGT,i7_UDI0018,CAAGCAGAAGACGGCATACGAGATTCACGCCGGTGACTGGAGTTCAGACGTGT,i5UDI0018,AATGATACGGCGACCACCGAGATCTACACGCGCCTGTACACTCTTTCCCTACACGAC
UDI0019,ACTTACAT,ATGTAAGT,ACTCTATG,i7_UDI0019,CAAGCAGAAGACGGCATACGAGATACTTACATGTGACTGGAGTTCAGACGTGT,i5UDI0019,AATGATACGGCGACCACCGAGATCTACACACTCTATGACACTCTTTCCCTACACGAC
UDI0020,GTCCGTGC,GCACGGAC,GTCTCGCA,i7_UDI0020,CAAGCAGAAGACGGCATACGAGATGTCCGTGCGTGACTGGAGTTCAGACGTGT,i5UDI0020,AATGATACGGCGACCACCGAGATCTACACGTCTCGCAACACTCTTTCCCTACACGAC
UDI0021,AAGGTACC,GGTACCTT,AAGACGTC,i7_UDI0021,CAAGCAGAAGACGGCATACGAGATAAGGTACCGTGACTGGAGTTCAGACGTGT,i5UDI0021,AATGATACGGCGACCACCGAGATCTACACAAGACGTCACACTCTTTCCCTACACGAC
UDI0022,GGAACGTT,AACGTTCC,GGAGTACT,i7_UDI0022,CAAGCAGAAGACGGCATACGAGATGGAACGTTGTGACTGGAGTTCAGACGTGT,i5UDI0022,AATGATACGGCGACCACCGAGATCTACACGGAGTACTACACTCTTTCCCTACACGAC
UDI0023,AATTCTGC,GCAGAATT,ACCGGCCA,i7_UDI0023,CAAGCAGAAGACGGCATACGAGATAATTCTGCGTGACTGGAGTTCAGACGTGT,i5UDI0023,AATGATACGGCGACCACCGAGATCTACACACCGGCCAACACTCTTTCCCTACACGAC
UDI0024,GGCCTCAT,ATGAGGCC,GTTAATTG,i7_UDI0024,CAAGCAGAAGACGGCATACGAGATGGCCTCATGTGACTGGAGTTCAGACGTGT,i5UDI0024,AATGATACGGCGACCACCGAGATCTACACGTTAATTGACACTCTTTCCCTACACGAC
UDI0025,ATCTTAGT,ACTAAGAT,AACCGCGG,i7_UDI0025,CAAGCAGAAGACGGCATACGAGATATCTTAGTGTGACTGGAGTTCAGACGTGT,i5UDI0025,AATGATACGGCGACCACCGAGATCTACACAACCGCGGACACTCTTTCCCTACACGAC
UDI0026,GCTCCGAC,GTCGGAGC,GGTTATAA,i7_UDI0026,CAAGCAGAAGACGGCATACGAGATGCTCCGACGTGACTGGAGTTCAGACGTGT,i5UDI0026,AATGATACGGCGACCACCGAGATCTACACGGTTATAAACACTCTTTCCCTACACGAC
UDI0027,ATACCAAG,CTTGGTAT,CCAAGTCC,i7_UDI0027,CAAGCAGAAGACGGCATACGAGATATACCAAGGTGACTGGAGTTCAGACGTGT,i5UDI0027,AATGATACGGCGACCACCGAGATCTACACCCAAGTCCACACTCTTTCCCTACACGAC
UDI0028,GCGTTGGA,TCCAACGC,TTGGACTT,i7_UDI0028,CAAGCAGAAGACGGCATACGAGATGCGTTGGAGTGACTGGAGTTCAGACGTGT,i5UDI0028,AATGATACGGCGACCACCGAGATCTACACTTGGACTTACACTCTTTCCCTACACGAC
UDI0029,CTTCACGG,CCGTGAAG,CAGTGGAT,i7_UDI0029,CAAGCAGAAGACGGCATACGAGATCTTCACGGGTGACTGGAGTTCAGACGTGT,i5UDI0029,AATGATACGGCGACCACCGAGATCTACACCAGTGGATACACTCTTTCCCTACACGAC
UDI0030,TCCTGTAA,TTACAGGA,TGACAAGC,i7_UDI0030,CAAGCAGAAGACGGCATACGAGATTCCTGTAAGTGACTGGAGTTCAGACGTGT,i5UDI0030,AATGATACGGCGACCACCGAGATCTACACTGACAAGCACACTCTTTCCCTACACGAC
UDI0031,AGAATGCC,GGCATTCT,CTAGCTTG,i7_UDI0031,CAAGCAGAAGACGGCATACGAGATAGAATGCCGTGACTGGAGTTCAGACGTGT,i5UDI0031,AATGATACGGCGACCACCGAGATCTACACCTAGCTTGACACTCTTTCCCTACACGAC
UDI0032,GAGGCATT,AATGCCTC,TCGATCCA,i7_UDI0032,CAAGCAGAAGACGGCATACGAGATGAGGCATTGTGACTGGAGTTCAGACGTGT,i5UDI0032,AATGATACGGCGACCACCGAGATCTACACTCGATCCAACACTCTTTCCCTACACGAC
UDI0033,CCTCGGTA,TACCGAGG,CCTGAACT,i7_UDI0033,CAAGCAGAAGACGGCATACGAGATCCTCGGTAGTGACTGGAGTTCAGACGTGT,i5UDI0033,AATGATACGGCGACCACCGAGATCTACACCCTGAACTACACTCTTTCCCTACACGAC
UDI0034,TTCTAACG,CGTTAGAA,TTCAGGTC,i7_UDI0034,CAAGCAGAAGACGGCATACGAGATTTCTAACGGTGACTGGAGTTCAGACGTGT,i5UDI0034,AATGATACGGCGACCACCGAGATCTACACTTCAGGTCACACTCTTTCCCTACACGAC
UDI0035,ATGAGGCT,AGCCTCAT,AGTAGAGA,i7_UDI0035,CAAGCAGAAGACGGCATACGAGATATGAGGCTGTGACTGGAGTTCAGACGTGT,i5UDI0035,AATGATACGGCGACCACCGAGATCTACACAGTAGAGAACACTCTTTCCCTACACGAC
UDI0036,GCAGAATC,GATTCTGC,GACGAGAG,i7_UDI0036,CAAGCAGAAGACGGCATACGAGATGCAGAATCGTGACTGGAGTTCAGACGTGT,i5UDI0036,AATGATACGGCGACCACCGAGATCTACACGACGAGAGACACTCTTTCCCTACACGAC
UDI0037,CACTACGA,TCGTAGTG,AGACTTGG,i7_UDI0037,CAAGCAGAAGACGGCATACGAGATCACTACGAGTGACTGGAGTTCAGACGTGT,i5UDI0037,AATGATACGGCGACCACCGAGATCTACACAGACTTGGACACTCTTTCCCTACACGAC
UDI0038,TGTCGTAG,CTACGACA,GAGTCCAA,i7_UDI0038,CAAGCAGAAGACGGCATACGAGATTGTCGTAGGTGACTGGAGTTCAGACGTGT,i5UDI0038,AATGATACGGCGACCACCGAGATCTACACGAGTCCAAACACTCTTTCCCTACACGAC
UDI0039,ACCACTTA,TAAGTGGT,CTTAAGCC,i7_UDI0039,CAAGCAGAAGACGGCATACGAGATACCACTTAGTGACTGGAGTTCAGACGTGT,i5UDI0039,AATGATACGGCGACCACCGAGATCTACACCTTAAGCCACACTCTTTCCCTACACGAC
UDI0040,GTTGTCCG,CGGACAAC,TCCGGATT,i7_UDI0040,CAAGCAGAAGACGGCATACGAGATGTTGTCCGGTGACTGGAGTTCAGACGTGT,i5UDI0040,AATGATACGGCGACCACCGAGATCTACACTCCGGATTACACTCTTTCCCTACACGAC
UDI0041,ATCCATAT,ATATGGAT,CTGTATTA,i7_UDI0041,CAAGCAGAAGACGGCATACGAGATATCCATATGTGACTGGAGTTCAGACGTGT,i5UDI0041,AATGATACGGCGACCACCGAGATCTACACCTGTATTAACACTCTTTCCCTACACGAC
UDI0042,GCTTGCGC,GCGCAAGC,TCACGCCG,i7_UDI0042,CAAGCAGAAGACGGCATACGAGATGCTTGCGCGTGACTGGAGTTCAGACGTGT,i5UDI0042,AATGATACGGCGACCACCGAGATCTACACTCACGCCGACACTCTTTCCCTACACGAC
UDI0043,AGTATCTT,AAGATACT,ACTTACAT,i7_UDI0043,CAAGCAGAAGACGGCATACGAGATAGTATCTTGTGACTGGAGTTCAGACGTGT,i5UDI0043,AATGATACGGCGACCACCGAGATCTACACACTTACATACACTCTTTCCCTACACGAC
UDI0044,GACGCTCC,GGAGCGTC,GTCCGTGC,i7_UDI0044,CAAGCAGAAGACGGCATACGAGATGACGCTCCGTGACTGGAGTTCAGACGTGT,i5UDI0044,AATGATACGGCGACCACCGAGATCTACACGTCCGTGCACACTCTTTCCCTACACGAC
UDI0045,CATGCCAT,ATGGCATG,AAGGTACC,i7_UDI0045,CAAGCAGAAGACGGCATACGAGATCATGCCATGTGACTGGAGTTCAGACGTGT,i5UDI0045,AATGATACGGCGACCACCGAGATCTACACAAGGTACCACACTCTTTCCCTACACGAC
UDI0046,TGCATTGC,GCAATGCA,GGAACGTT,i7_UDI0046,CAAGCAGAAGACGGCATACGAGATTGCATTGCGTGACTGGAGTTCAGACGTGT,i5UDI0046,AATGATACGGCGACCACCGAGATCTACACGGAACGTTACACTCTTTCCCTACACGAC
UDI0047,ATTGGAAC,GTTCCAAT,AATTCTGC,i7_UDI0047,CAAGCAGAAGACGGCATACGAGATATTGGAACGTGACTGGAGTTCAGACGTGT,i5UDI0047,AATGATACGGCGACCACCGAGATCTACACAATTCTGCACACTCTTTCCCTACACGAC
UDI0048,GCCAAGGT,ACCTTGGC,GGCCTCAT,i7_UDI0048,CAAGCAGAAGACGGCATACGAGATGCCAAGGTGTGACTGGAGTTCAGACGTGT,i5UDI0048,AATGATACGGCGACCACCGAGATCTACACGGCCTCATACACTCTTTCCCTACACGAC
UDI0049,CGAGATAT,ATATCTCG,ATCTTAGT,i7_UDI0049,CAAGCAGAAGACGGCATACGAGATCGAGATATGTGACTGGAGTTCAGACGTGT,i5UDI0049,AATGATACGGCGACCACCGAGATCTACACATCTTAGTACACTCTTTCCCTACACGAC
UDI0050,TAGAGCGC,GCGCTCTA,GCTCCGAC,i7_UDI0050,CAAGCAGAAGACGGCATACGAGATTAGAGCGCGTGACTGGAGTTCAGACGTGT,i5UDI0050,AATGATACGGCGACCACCGAGATCTACACGCTCCGACACACTCTTTCCCTACACGAC
UDI0051,AACCTGTT,AACAGGTT,ATACCAAG,i7_UDI0051,CAAGCAGAAGACGGCATACGAGATAACCTGTTGTGACTGGAGTTCAGACGTGT,i5UDI0051,AATGATACGGCGACCACCGAGATCTACACATACCAAGACACTCTTTCCCTACACGAC
UDI0052,GGTTCACC,GGTGAACC,GCGTTGGA,i7_UDI0052,CAAGCAGAAGACGGCATACGAGATGGTTCACCGTGACTGGAGTTCAGACGTGT,i5UDI0052,AATGATACGGCGACCACCGAGATCTACACGCGTTGGAACACTCTTTCCCTACACGAC
UDI0053,CATTGTTG,CAACAATG,CTTCACGG,i7_UDI0053,CAAGCAGAAGACGGCATACGAGATCATTGTTGGTGACTGGAGTTCAGACGTGT,i5UDI0053,AATGATACGGCGACCACCGAGATCTACACCTTCACGGACACTCTTTCCCTACACGAC
UDI0054,TGCCACCA,TGGTGGCA,TCCTGTAA,i7_UDI0054,CAAGCAGAAGACGGCATACGAGATTGCCACCAGTGACTGGAGTTCAGACGTGT,i5UDI0054,AATGATACGGCGACCACCGAGATCTACACTCCTGTAAACACTCTTTCCCTACACGAC
UDI0055,CTCTGCCT,AGGCAGAG,AGAATGCC,i7_UDI0055,CAAGCAGAAGACGGCATACGAGATCTCTGCCTGTGACTGGAGTTCAGACGTGT,i5UDI0055,AATGATACGGCGACCACCGAGATCTACACAGAATGCCACACTCTTTCCCTACACGAC
UDI0056,TCTCATTC,GAATGAGA,GAGGCATT,i7_UDI0056,CAAGCAGAAGACGGCATACGAGATTCTCATTCGTGACTGGAGTTCAGACGTGT,i5UDI0056,AATGATACGGCGACCACCGAGATCTACACGAGGCATTACACTCTTTCCCTACACGAC
UDI0057,ACGCCGCA,TGCGGCGT,CCTCGGTA,i7_UDI0057,CAAGCAGAAGACGGCATACGAGATACGCCGCAGTGACTGGAGTTCAGACGTGT,i5UDI0057,AATGATACGGCGACCACCGAGATCTACACCCTCGGTAACACTCTTTCCCTACACGAC
UDI0058,GTATTATG,CATAATAC,TTCTAACG,i7_UDI0058,CAAGCAGAAGACGGCATACGAGATGTATTATGGTGACTGGAGTTCAGACGTGT,i5UDI0058,AATGATACGGCGACCACCGAGATCTACACTTCTAACGACACTCTTTCCCTACACGAC
UDI0059,GATAGATC,GATCTATC,ATGAGGCT,i7_UDI0059,CAAGCAGAAGACGGCATACGAGATGATAGATCGTGACTGGAGTTCAGACGTGT,i5UDI0059,AATGATACGGCGACCACCGAGATCTACACATGAGGCTACACTCTTTCCCTACACGAC
UDI0060,AGCGAGCT,AGCTCGCT,GCAGAATC,i7_UDI0060,CAAGCAGAAGACGGCATACGAGATAGCGAGCTGTGACTGGAGTTCAGACGTGT,i5UDI0060,AATGATACGGCGACCACCGAGATCTACACGCAGAATCACACTCTTTCCCTACACGAC
UDI0061,CAGTTCCG,CGGAACTG,CACTACGA,i7_UDI0061,CAAGCAGAAGACGGCATACGAGATCAGTTCCGGTGACTGGAGTTCAGACGTGT,i5UDI0061,AATGATACGGCGACCACCGAGATCTACACCACTACGAACACTCTTTCCCTACACGAC
UDI0062,TGACCTTA,TAAGGTCA,TGTCGTAG,i7_UDI0062,CAAGCAGAAGACGGCATACGAGATTGACCTTAGTGACTGGAGTTCAGACGTGT,i5UDI0062,AATGATACGGCGACCACCGAGATCTACACTGTCGTAGACACTCTTTCCCTACACGAC
UDI0063,CTAGGCAA,TTGCCTAG,ACCACTTA,i7_UDI0063,CAAGCAGAAGACGGCATACGAGATCTAGGCAAGTGACTGGAGTTCAGACGTGT,i5UDI0063,AATGATACGGCGACCACCGAGATCTACACACCACTTAACACTCTTTCCCTACACGAC
UDI0064,TCGAATGG,CCATTCGA,GTTGTCCG,i7_UDI0064,CAAGCAGAAGACGGCATACGAGATTCGAATGGGTGACTGGAGTTCAGACGTGT,i5UDI0064,AATGATACGGCGACCACCGAGATCTACACGTTGTCCGACACTCTTTCCCTACACGAC
UDI0065,CTTAGTGT,ACACTAAG,ATCCATAT,i7_UDI0065,CAAGCAGAAGACGGCATACGAGATCTTAGTGTGTGACTGGAGTTCAGACGTGT,i5UDI0065,AATGATACGGCGACCACCGAGATCTACACATCCATATACACTCTTTCCCTACACGAC
UDI0066,TCCGACAC,GTGTCGGA,GCTTGCGC,i7_UDI0066,CAAGCAGAAGACGGCATACGAGATTCCGACACGTGACTGGAGTTCAGACGTGT,i5UDI0066,AATGATACGGCGACCACCGAGATCTACACGCTTGCGCACACTCTTTCCCTACACGAC
UDI0067,AACAGGAA,TTCCTGTT,AGTATCTT,i7_UDI0067,CAAGCAGAAGACGGCATACGAGATAACAGGAAGTGACTGGAGTTCAGACGTGT,i5UDI0067,AATGATACGGCGACCACCGAGATCTACACAGTATCTTACACTCTTTCCCTACACGAC
UDI0068,GGTGAAGG,CCTTCACC,GACGCTCC,i7_UDI0068,CAAGCAGAAGACGGCATACGAGATGGTGAAGGGTGACTGGAGTTCAGACGTGT,i5UDI0068,AATGATACGGCGACCACCGAGATCTACACGACGCTCCACACTCTTTCCCTACACGAC
UDI0069,CCTGTGGC,GCCACAGG,CATGCCAT,i7_UDI0069,CAAGCAGAAGACGGCATACGAGATCCTGTGGCGTGACTGGAGTTCAGACGTGT,i5UDI0069,AATGATACGGCGACCACCGAGATCTACACCATGCCATACACTCTTTCCCTACACGAC
UDI0070,TTCACAAT,ATTGTGAA,TGCATTGC,i7_UDI0070,CAAGCAGAAGACGGCATACGAGATTTCACAATGTGACTGGAGTTCAGACGTGT,i5UDI0070,AATGATACGGCGACCACCGAGATCTACACTGCATTGCACACTCTTTCCCTACACGAC
UDI0071,ACACGAGT,ACTCGTGT,ATTGGAAC,i7_UDI0071,CAAGCAGAAGACGGCATACGAGATACACGAGTGTGACTGGAGTTCAGACGTGT,i5UDI0071,AATGATACGGCGACCACCGAGATCTACACATTGGAACACACTCTTTCCCTACACGAC
UDI0072,GTGTAGAC,GTCTACAC,GCCAAGGT,i7_UDI0072,CAAGCAGAAGACGGCATACGAGATGTGTAGACGTGACTGGAGTTCAGACGTGT,i5UDI0072,AATGATACGGCGACCACCGAGATCTACACGCCAAGGTACACTCTTTCCCTACACGAC
UDI0073,GTTAATTG,CAATTAAC,CGAGATAT,i7_UDI0073,CAAGCAGAAGACGGCATACGAGATGTTAATTGGTGACTGGAGTTCAGACGTGT,i5UDI0073,AATGATACGGCGACCACCGAGATCTACACCGAGATATACACTCTTTCCCTACACGAC
UDI0074,ACCGGCCA,TGGCCGGT,TAGAGCGC,i7_UDI0074,CAAGCAGAAGACGGCATACGAGATACCGGCCAGTGACTGGAGTTCAGACGTGT,i5UDI0074,AATGATACGGCGACCACCGAGATCTACACTAGAGCGCACACTCTTTCCCTACACGAC
UDI0075,GGAGTACT,AGTACTCC,AACCTGTT,i7_UDI0075,CAAGCAGAAGACGGCATACGAGATGGAGTACTGTGACTGGAGTTCAGACGTGT,i5UDI0075,AATGATACGGCGACCACCGAGATCTACACAACCTGTTACACTCTTTCCCTACACGAC
UDI0076,AAGACGTC,GACGTCTT,GGTTCACC,i7_UDI0076,CAAGCAGAAGACGGCATACGAGATAAGACGTCGTGACTGGAGTTCAGACGTGT,i5UDI0076,AATGATACGGCGACCACCGAGATCTACACGGTTCACCACACTCTTTCCCTACACGAC
UDI0077,GTCTCGCA,TGCGAGAC,CATTGTTG,i7_UDI0077,CAAGCAGAAGACGGCATACGAGATGTCTCGCAGTGACTGGAGTTCAGACGTGT,i5UDI0077,AATGATACGGCGACCACCGAGATCTACACCATTGTTGACACTCTTTCCCTACACGAC
UDI0078,ACTCTATG,CATAGAGT,TGCCACCA,i7_UDI0078,CAAGCAGAAGACGGCATACGAGATACTCTATGGTGACTGGAGTTCAGACGTGT,i5UDI0078,AATGATACGGCGACCACCGAGATCTACACTGCCACCAACACTCTTTCCCTACACGAC
UDI0079,GCGCCTGT,ACAGGCGC,CTCTGCCT,i7_UDI0079,CAAGCAGAAGACGGCATACGAGATGCGCCTGTGTGACTGGAGTTCAGACGTGT,i5UDI0079,AATGATACGGCGACCACCGAGATCTACACCTCTGCCTACACTCTTTCCCTACACGAC
UDI0080,ATATTCAC,GTGAATAT,TCTCATTC,i7_UDI0080,CAAGCAGAAGACGGCATACGAGATATATTCACGTGACTGGAGTTCAGACGTGT,i5UDI0080,AATGATACGGCGACCACCGAGATCTACACTCTCATTCACACTCTTTCCCTACACGAC
UDI0081,CTACAGTT,AACTGTAG,ACGCCGCA,i7_UDI0081,CAAGCAGAAGACGGCATACGAGATCTACAGTTGTGACTGGAGTTCAGACGTGT,i5UDI0081,AATGATACGGCGACCACCGAGATCTACACACGCCGCAACACTCTTTCCCTACACGAC
UDI0082,TCGTGACC,GGTCACGA,GTATTATG,i7_UDI0082,CAAGCAGAAGACGGCATACGAGATTCGTGACCGTGACTGGAGTTCAGACGTGT,i5UDI0082,AATGATACGGCGACCACCGAGATCTACACGTATTATGACACTCTTTCCCTACACGAC
UDI0083,GGAAGCAG,CTGCTTCC,GATAGATC,i7_UDI0083,CAAGCAGAAGACGGCATACGAGATGGAAGCAGGTGACTGGAGTTCAGACGTGT,i5UDI0083,AATGATACGGCGACCACCGAGATCTACACGATAGATCACACTCTTTCCCTACACGAC
UDI0084,AAGGATGA,TCATCCTT,AGCGAGCT,i7_UDI0084,CAAGCAGAAGACGGCATACGAGATAAGGATGAGTGACTGGAGTTCAGACGTGT,i5UDI0084,AATGATACGGCGACCACCGAGATCTACACAGCGAGCTACACTCTTTCCCTACACGAC
UDI0085,TATAACCT,AGGTTATA,CAGTTCCG,i7_UDI0085,CAAGCAGAAGACGGCATACGAGATTATAACCTGTGACTGGAGTTCAGACGTGT,i5UDI0085,AATGATACGGCGACCACCGAGATCTACACCAGTTCCGACACTCTTTCCCTACACGAC
UDI0086,CGCGGTTC,GAACCGCG,TGACCTTA,i7_UDI0086,CAAGCAGAAGACGGCATACGAGATCGCGGTTCGTGACTGGAGTTCAGACGTGT,i5UDI0086,AATGATACGGCGACCACCGAGATCTACACTGACCTTAACACTCTTTCCCTACACGAC
UDI0087,TTGGTGAG,CTCACCAA,CTAGGCAA,i7_UDI0087,CAAGCAGAAGACGGCATACGAGATTTGGTGAGGTGACTGGAGTTCAGACGTGT,i5UDI0087,AATGATACGGCGACCACCGAGATCTACACCTAGGCAAACACTCTTTCCCTACACGAC
UDI0088,CCAACAGA,TCTGTTGG,TCGAATGG,i7_UDI0088,CAAGCAGAAGACGGCATACGAGATCCAACAGAGTGACTGGAGTTCAGACGTGT,i5UDI0088,AATGATACGGCGACCACCGAGATCTACACTCGAATGGACACTCTTTCCCTACACGAC
UDI0089,GTGCGATA,TATCGCAC,CTTAGTGT,i7_UDI0089,CAAGCAGAAGACGGCATACGAGATGTGCGATAGTGACTGGAGTTCAGACGTGT,i5UDI0089,AATGATACGGCGACCACCGAGATCTACACCTTAGTGTACACTCTTTCCCTACACGAC
UDI0090,ACATAGCG,CGCTATGT,TCCGACAC,i7_UDI0090,CAAGCAGAAGACGGCATACGAGATACATAGCGGTGACTGGAGTTCAGACGTGT,i5UDI0090,AATGATACGGCGACCACCGAGATCTACACTCCGACACACACTCTTTCCCTACACGAC
UDI0091,GAACATAC,GTATGTTC,AACAGGAA,i7_UDI0091,CAAGCAGAAGACGGCATACGAGATGAACATACGTGACTGGAGTTCAGACGTGT,i5UDI0091,AATGATACGGCGACCACCGAGATCTACACAACAGGAAACACTCTTTCCCTACACGAC
UDI0092,AGGTGCGT,ACGCACCT,GGTGAAGG,i7_UDI0092,CAAGCAGAAGACGGCATACGAGATAGGTGCGTGTGACTGGAGTTCAGACGTGT,i5UDI0092,AATGATACGGCGACCACCGAGATCTACACGGTGAAGGACACTCTTTCCCTACACGAC
UDI0093,TATGAGTA,TACTCATA,CCTGTGGC,i7_UDI0093,CAAGCAGAAGACGGCATACGAGATTATGAGTAGTGACTGGAGTTCAGACGTGT,i5UDI0093,AATGATACGGCGACCACCGAGATCTACACCCTGTGGCACACTCTTTCCCTACACGAC
UDI0094,CGCAGACG,CGTCTGCG,TTCACAAT,i7_UDI0094,CAAGCAGAAGACGGCATACGAGATCGCAGACGGTGACTGGAGTTCAGACGTGT,i5UDI0094,AATGATACGGCGACCACCGAGATCTACACTTCACAATACACTCTTTCCCTACACGAC
UDI0095,GATATCGA,TCGATATC,ACACGAGT,i7_UDI0095,CAAGCAGAAGACGGCATACGAGATGATATCGAGTGACTGGAGTTCAGACGTGT,i5UDI0095,AATGATACGGCGACCACCGAGATCTACACACACGAGTACACTCTTTCCCTACACGAC
UDI0096,AGCGCTAG,CTAGCGCT,GTGTAGAC,i7_UDI0096,CAAGCAGAAGACGGCATACGAGATAGCGCTAGGTGACTGGAGTTCAGACGTGT,i5UDI0096,AATGATACGGCGACCACCGAGATCTACACGTGTAGACACACTCTTTCCCTACACGAC